Categoria,Título,Descripción,Enlace,Fecha_Publicacion,Señales_de_Sensacionalismo,¿Tiene_Señales?
Política,"<![CDATA[Cuál es la cantidad de votos que separa a Keiko Fujimori y Roberto Sánchez, según resultados oficiales de la ONPE]]>",,,,Ninguna,False
Política,<![CDATA[Diputados electos para el período 2026-2031 reciben este viernes sus credenciales por parte del JNE]]>,,,,Ninguna,False
Política,"<![CDATA[Ausencias, gestos y silencios: el detrás de cámaras de la entrega de credenciales a los senadores del nuevo Congreso bicameral]]>","El JNE entregó las credenciales a los primeros senadores del Congreso bicameral 2026. Revive la histórica ceremonia, el retorno del Senado tras casi 36 años y los principales hitos de la bicameralidad y la unicameralidad en el Perú.",,,Ninguna,False
Política,"<![CDATA[“Inverosímil”, “ni siquiera sustenta una sospecha”: Los argumentos del JNE para rechazar los recursos de nulidad de Juntos por el Perú]]>",,,,Ninguna,False
Política,<![CDATA[Resultados ONPE al 99.880%: Keiko Fujimori mantiene ventaja sobre Roberto Sánchez en conteo de votos ]]>,Resultados ONPE EN VIVO tras segunda vuelta: Keiko Fujimori y Roberto Sánchez disputan presidencia de Perú lbposting,,,Ninguna,False
Política,<![CDATA[Keiko Fujimori promete convocar a un equipo de gobierno que vaya más allá de su partido]]>,"A la espera de los resultados oficiales que confirmen su victoria en la segunda vuelta, la candidata presidencial Keiko Fujimori aseguró este jueves 25 que su gobierno no estará integrado únicamente por militantes de Fuerza Popular.",,,Ninguna,False
Política,<![CDATA[El sombrero solitario]]>,"Se le acaba el tiempo al candidato de Juntos por el Perú, Roberto Sánchez. El viernes 3 de julio, el Jurado Nacional de Elecciones proclamará los resultados de la segunda vuelta y, ante las últimas decisiones del ente electoral y las actualizaciones del conteo de la Oficina Nacional de Procesos Electorales, el triunfo de Keiko Fujimori es inminente.",,,Ninguna,False
Política,<![CDATA[Elecciones Perú 2026: Resultados ONPE al 99.842% de la segunda vuelta de Tumbes y conteo oficial de votos en vivo]]>,,,,Ninguna,False
Política,<![CDATA[Elecciones Perú 2026: Resultados ONPE al 100% de la segunda vuelta de Tacna y conteo oficial de votos en vivo]]>,,,,Ninguna,False
Política,<![CDATA[Elecciones Perú 2026: Resultados ONPE al 99.773% de la segunda vuelta de Piura y conteo oficial de votos en vivo]]>,,,,Ninguna,False
Política,<![CDATA[Elecciones Perú 2026: Resultados ONPE al 99.875% de la segunda vuelta de Pasco y conteo oficial de votos en vivo]]>,,,,Ninguna,False
Política,<![CDATA[Elecciones Perú 2026: Resultados ONPE al 100% de la segunda vuelta de Moquegua y conteo oficial de votos en vivo]]>,,,,Ninguna,False
Política,<![CDATA[Elecciones Perú 2026: Resultados ONPE al 99.72% de la segunda vuelta de Lima y conteo oficial de votos en vivo]]>,,,,Ninguna,False
Política,<![CDATA[Elecciones Perú 2026: Resultados ONPE al 100% de la segunda vuelta de Lambayeque y conteo oficial de votos en vivo]]>,,,,Ninguna,False
Política,<![CDATA[Elecciones Perú 2026: Resultados ONPE al 99.957% de la segunda vuelta de Huánuco y conteo oficial de votos en vivo]]>,,,,Ninguna,False
Política,<![CDATA[Elecciones Perú 2026: Resultados ONPE al 99.843% de la segunda vuelta de Huancavelica y conteo oficial de votos en vivo]]>,,,,Ninguna,False
Política,<![CDATA[Elecciones Perú 2026: Resultados ONPE al 100% de la segunda vuelta de Cusco y conteo oficial de votos en vivo]]>,,,,Ninguna,False
Política,<![CDATA[Roberto Sánchez asegura que “alianza parlamentaria” con Obras y Ahora Nación “se mantiene sólida”]]>,"Roberto Sánchez afirmó que la alianza parlamentaria entre Juntos por el Perú, Obras y Ahora Nación continúa unida pese al escenario político. El pronunciamiento se produce días después de cuestionar el proceso electoral y anunciar que no reconocerá un eventual gobierno de Keiko Fujimori.",,,Ninguna,False
Política,<![CDATA[Conoce quiénes son los senadores que estarán en el nuevo Congreso Bicameral]]>,"El Jurado Nacional de Elecciones (JNE) entregó este jueves las credenciales a los 60 senadores elegidos en las Elecciones Generales 2026, oficializando así su condición de integrantes de la denominada Cámara Alta que volverá a funcionar en el país tras más de tres décadas de ausencia.",,,Ninguna,False
Política,<![CDATA[Elecciones Perú 2026: Resultados ONPE al 99.88% de la segunda vuelta entre Keiko Fujimori y Roberto Sánchez en vivo y conteo oficial de votos]]>,,,,Ninguna,False
Política,<![CDATA[JNE ratifica multa de S/176.550 contra Juntos por el Perú por aportes irregulares en campaña del 2021: las razones de la decisión]]>,"La ONPE determinó que 17 aportes provenían de una fuente desconocida, luego de que los supuestos aportantes negaran haber realizado dichas contribuciones. Además, uno de ellos figuraba como fallecido antes de la fecha en que se habría efectuado el presunto aporte.",,,Ninguna,False
Política,<![CDATA[ONPE y JNE: ¿Qué falta ahora para la proclamación de resultados y en manos de qué organismo está?]]>,Fuentes indicaron a El Comercio que el organismo electoral ha solicitado al IRTP la transmisión de la proclamación de los resultados presidenciales para el 7 de julio.,,,Ninguna,False
Política,<![CDATA[Roberto Sánchez y el fuerte rechazo que genera su actitud antidemocrática de desconocer a un eventual gobierno de Keiko Fujimori]]>,,,,Ninguna,False
Política,<![CDATA[López Aliaga comunica al Congreso que no jurará como senador y pide convocar a su accesitario]]>,La carta enviada por Rafael López Aliaga al Congreso fue incluida en las subsanaciones que Renovación Popular presentó ante el JEE Lima Centro. En ella ratifica que no asumirá el cargo de senador y pide que su escaño sea ocupado por el candidato accesitario.,,,Ninguna,False
Política,<![CDATA[Aliados de Roberto Sánchez continúan marcando distancia tras anuncio de desconocer al gobierno de Keiko Fujimori]]>,,,,Ninguna,False
Política,<![CDATA[¿Qué pasará con Rafael López Aliaga?: Los posibles escenarios para su candidatura y su curul en el Senado]]>,"La situación electoral de Rafael López Aliaga sumó dos factores el último miércoles 24. Por un lado, Renovación Popular presentó la subsanación a las observaciones formuladas contra su candidatura a teniente alcalde de Lima, según informaron fuentes de El Comercio. Por otro lado, en el diario oficial “El Peruano” se publicó la resolución del Jurado Nacional de Elecciones (JNE) que lo proclama senador electo para el período 2026-2031.",,,Ninguna,False
Política,<![CDATA[Roberto Burneo sobre Elecciones Generales 2026: “No hay ningún fraude”]]>,,,,Ninguna,False
Política,<![CDATA[JEE inician proclamación descentralizada de resultados de la segunda vuelta presidencial]]>,"Los Jurados Electorales Especiales (JEE) a nivel nacional comienzan este jueves 25 de junio con la proclamación paulatina de sus resultados de las elecciones presidenciales que se llevaron a cabo en la segunda vuelta entre Keiko Fujimori, de Fuerza Popular; y Roberto Sánchez, de Juntos por el Perú.",,,Ninguna,False
Política,<![CDATA[PerúCheck: La normativa electoral sí permite que personal de Cancillería integre mesas de sufragio en el extranjero ]]>,,,,Ninguna,False
Política,<![CDATA[PerúCheck: El Congreso sí ha aprobado bonificaciones extraordinarias para congresistas y trabajadores ]]>,PerúCheck: El Congreso sí ha aprobado bonificaciones extraordinarias para congresistas y trabajadores,,,Ninguna,False
Política,"<![CDATA[El último tramo: un centenar de actas pendientes, pero que ya no alcanza para revertir el resultado]]>","El reloj electoral aún sigue corriendo, pero el desenlace parece estar ya escrito. Mientras el JNE continúa resolviendo las actas observadas y recursos, la ONPE incorpora progresivamente esas decisiones al cómputo oficial. Sin embargo, el tablero electoral aparece prácticamente definido, en medio de una serie de reveses de los recursos planteados por Juntos por el Perú (JP).",,,Ninguna,False
Política,<![CDATA[JNE entrega credenciales a los senadores electos para el período 2026-2031]]>,,,,Ninguna,False
Política,<![CDATA[Denuncia constitucional contra canciller carece de sustento advierten expertos: el trámite que seguirá en el Congreso]]>,"A través de uno de sus personeros, el partido Juntos por el Perú (JP), que encabeza el candidato presidencial Roberto Sánchez, formuló una denuncia constitucional ante el Congreso contra el actual canciller Carlos Pareja.",,,Ninguna,False
Política,<![CDATA[JNE entregó credenciales a senadores y parlamentarios andinos electos ]]>,EN VIVO | JNE entrega credenciales a senadores y parlamentarios andinos electos en las Elecciones 2026,,,Ninguna,False
Política,<![CDATA[Rafael López Aliaga no ocude a ceremonia oficial de entrega de credenciales como senador electo]]>,,,,Ninguna,False
Política,<![CDATA[Roberto Burneo: “Estimamos que (proclamación de la segunda vuelta) será el viernes 03 de julio”]]>,,,,Ninguna,False
Política,<![CDATA[Keiko Fujimori expresa solidaridad con Venezuela tras los terremotos del 24 de junio]]>,"Keiko Fujimori, candidata presidencial de Fuerza Popular, expresó su respaldo al pueblo de Venezuela luego de los potentes sismos registrados el pasado 24 de junio, en publicaciones por redes sociales donde envió sus condolencias a los ciudadanos afectados por el desastre natural que ha dejado, según balances oficiales, un saldo de 164 fallecidos y 971 heridos.",,,Ninguna,False
Política,"<![CDATA[Keiko Fujimori dice que tendrá un Gabinete Ministerial “amplio, plural y con experiencia”  ]]>","A falta de contabilizar poco más de 30 mil votos (cuando la distancia que le lleva a Roberto Sánchez, de Juntos por el Perú es de más de 44 mil votos), la candidata presidencial de Fuerza Popular, Keiko Fujimori, remarcó que su primer Gabinete Ministerial tendrá “una convocatoria amplia, abierta plural, pero sobre todo con experiencia”.",,,Ninguna,False
Política,<![CDATA[Misión electoral de la Unión Europea rechaza “narrativa de fraude sin pruebas” ]]>,La Misión de Observación Electoral de la Unión Europea (MOE UE) mostró su rechazo a lo que consideró una “narrativa de fraude sin pruebas” durante las Elecciones Generales 2026.,,,Ninguna,False
Política,"<![CDATA[PJ dispone transferir 4 inmuebles y una cuenta bancaria registradas a nombre de Toledo, Eliane Karp y Eva Fernenbug en favor del Estado]]>","El Segundo Juzgado Permanente Especializado en Extinción de Dominio de Lima declaró fundada demanda contra Alejandro Toledo, Eliane Karp y Eva Fernenbug, y dispuso transferir cuatro inmuebles y una cuenta bancaria registradas a su nombre en favor del Estado.",,,Ninguna,False
Política,<![CDATA[Concluye último Pleno del Congreso unicameral y se prepara a dar paso al Senado y la Cámara de diputados]]>,"El Congreso de la República realizó este jueves su último Pleno bajo el modelo unicameral, poniendo fin a una etapa de 33 años de funcionamiento con una sola cámara legislativa y abriendo paso al retorno de la bicameralidad, que entrará en vigencia con la instalación del próximo Parlamento en julio de 2026.",,,Ninguna,False
Política,<![CDATA[Gremios mypes y pymes exigen al JNE acelerar proclamación de resultados de la segunda vuelta]]>,,,,Ninguna,False
Política,<![CDATA[JNE declara infundado recurso de Juntos por el Perú para anular resultados de 1751 mesas de votación]]>,"El Jurado Nacional de Elecciones (JNE) rechazó el recurso presentado por Juntos por el Perú para anular los resultados del escrutinio en 1,751 mesas de sufragio de todo el país correspondientes a la segunda vuelta presidencial de las Elecciones Generales 2026.",,,Ninguna,False
Política,<![CDATA[Ladran Sánchez]]>,"El congresista, y aún candidato presidencial, Roberto Sánchez dijo el martes último que no reconocerá el eventual (y ya inminente) gobierno de Keiko Fujimori por haber existido “una grave afectación” del proceso electoral. No brinda evidencias de una aseveración tan grave, pero cumple su cometido: proyectar sombras sobre comicios que le fueron adversos, afectar la legitimidad del gobierno de su contendiente y, fundamentalmente, ganar iniciativa política.",,,Ninguna,False
Política,<![CDATA[Elecciones Perú 2026: Resultados ONPE al 99.744% de la segunda vuelta de Ucayali y conteo oficial de votos en vivo]]>,,,,Ninguna,False
Política,<![CDATA[Elecciones Perú 2026: Resultados ONPE al 100% de la segunda vuelta de Puno y conteo oficial de votos en vivo]]>,,,,Ninguna,False
Política,<![CDATA[JNE: “Del 3 al 7 de julio se daría la proclamación de los resultados”]]>,"El Jurado Nacional de Elecciones (JNE) prevé que la proclamación de los resultados electorales se realice entre el 3 y el 7 de julio, una vez que culminen los procedimientos vinculados a las actas observadas que aún se encuentran en trámite.",,,Ninguna,False
Política,<![CDATA[JNE declara infundadas 23 apelaciones de Juntos por el Perú sobre actas observadas]]>,"El Jurado Nacional de Elecciones (JNE) rechazó este miércoles 23 apelaciones presentadas por Juntos por el Perú relacionadas con actas observadas de la segunda elección presidencial, en una jornada en la que el máximo órgano electoral resolvió un total de 42 expedientes vinculados a las Elecciones Generales 2026.",,,Ninguna,False
Política,<![CDATA[Pleno del Congreso aprueba homologar ingresos de miembros de la JNJ con jueces supremos pasando a ganar más de 40 mil soles]]>,"El Pleno del Congreso de la República aprobó este martes, con 62 votos a favor, 17 en contra y 7 abstenciones, el dictamen presentado por la Comisión de Presupuesto y Cuenta General de la República que establece la homologación de los ingresos de los miembros titulares de la Junta Nacional de Justicia (JNJ) con los de los jueces supremos de la Corte Suprema.",,,Ninguna,False
Política,<![CDATA[Diez virtuales congresistas de Juntos por el Perú cargan con sentencias e investigaciones ]]>,"Juntos por el Perú, que ingresó al actual Congreso con solo cinco parlamentarios elegidos, pasará a ser la segunda minoría en el nuevo Parlamento bicameral. El partido del candidato presidencial Roberto Sánchez tendrá a 14 senadores y 32 diputados. No obstante, al menos diez de los virtuales congresistas de la agrupación de izquierda arrastran sentencias e investigaciones [ver recuadro].",,,Ninguna,False
Política,"<![CDATA[Partidos juegan sus cartas para teniente alcalde de Lima: excandidato presidencial, exministros y exfuncionarios buscan el cargo]]>","Elecciones alcaldía de Lima | Partidos juegan sus cartas para teniente alcalde de Lima: excandidatos presidenciales, exministros y exfuncionarios buscan el cargo",,,Ninguna,False
Política,"<![CDATA[Presidente del TC sobre supuesto fraude: “Cuando se acusa de alguna situación irregular, siempre es necesario los medios probatorios”]]>","El presidente del Tribunal Constitucional (TC), Helder Domínguez, consideró que si se denuncia alguna situación irregular en la segunda vuelta electoral, tal como lo ha realizado el candidato presidencial de Juntos por el Perú (JP), Roberto Sánchez, se deben presentar los medios probatorios que la sustenten.",,,Ninguna,False
Política,"<![CDATA[Sin sentido, extemporáneo y para dilatar: así califican expertos nuevo recurso de Roberto Sánchez para anular elección en el extranjero]]>","A poco más de dos semanas de la segunda vuelta, el candidato presidencial Roberto Sánchez (Juntos por el Perú) confirmó que presentará una nueva solicitud para anular el voto de los peruanos en el extranjero, donde su rival Keiko Fujimori (Fuerza Popular) obtuvo más de 63% de los votos válidos. Esta medida ha sido considerada por abogados expertos en derecho electoral como extemporánea y sin sentido y con la finalidad de dilatar la proclamación de los resultados.",,,Ninguna,False
Política,"<![CDATA[Keiko Fujimori sobre Roberto Sánchez: “Hemos escuchado denuncias que no tienen pruebas” y que buscan “seguir sembrando dudas, meter cizaña”]]>","La candidata presidencial de Fuerza Popular, Keiko Fujimori, aseguró que desde Juntos por el Perú (JP) se han escuchado “denuncias que no tienen pruebas” en la segunda vuelta de las elecciones generales del 2026 cuyo único objetivo, según dijo era “seguir sembrando dudas” y “meter cizaña”.",,,Ninguna,False
Política,<![CDATA[Harold Forsyth se solidariza con el canciller Carlos Pareja: Pongo “las manos al fuego por la honorabilidad de mis colegas”]]>,"El exembajador Harold Forsyth se solidarizó con el canciller Carlos Pareja, luego de que Juntos por el Perú presentara una denuncia constitucional en su contra en el Congreso por presuntas infracciones constitucionales y supuestos delitos vinculados al proceso electoral.",,,Ninguna,False
Política,<![CDATA[Roberto Sánchez y Juntos por el Perú ahora presentan moción que plantea interpelar al canciller en el Congreso]]>,"A poco del cierre de la legislatura y del presente período parlamentario 2021-2026, el candidato presidencial Roberto Sánchez y su bancada, Juntos por el Perú, presentaron una moción que plantea interpelar al ministro de Relaciones Exteriores, Carlos Pareja, en el Congreso.",,,Ninguna,False
Política,<![CDATA[Segunda vuelta: Proética rechaza afirmaciones sobre un supuesto fraude electoral sin evidencia]]>,"Proética, el Capítulo Peruano de Transparency International (TI), rechazó las afirmaciones sobre un supuesto fraude electoral sin evidencia en la segunda vuelta de las elecciones generales del 2026, tal como señaló el candidato presidencial de Juntos por el Perú, Roberto Sánchez.",,,Ninguna,False
Política,<![CDATA[Elecciones Perú 2026: Resultados ONPE al 100% de la segunda vuelta de Callao y conteo oficial de votos en vivo]]>,,,,Ninguna,False
Política,"<![CDATA[Manuel Rodríguez Cuadros, exintegrante del equipo técnico de Roberto Sánchez: “Yo, evidentemente, reconoceré el resultado electoral”]]>","Manuel Rodríguez Cuadros, exintegrante del equipo técnico de Juntos por el Perú: “Yo reconoceré el resultado electoral”",,,Ninguna,False
Política,<![CDATA[Rafael López Aliaga: Declaratoria de inadmisibilidad de lista de Renovación Popular puede ser apelada y vista en el JNE]]>,"La secretaria general del Jurado Nacional de Elecciones (JNE), Yessica Clavijo, afirmó que la declaratoria de inadmisibilidad de la lista de Renovación Popular para la Alcaldía de Lima, que incluye a Rafael López Aliaga, puede ser apelada y vista en el organismo electoral.",,,Ninguna,False
Política,<![CDATA[Gobierno felicita Abelardo de la Espriella por su histórica victoria en elecciones presidenciales en Colombia]]>,"A través de sus redes sociales, el Gobierno del Perú (Cancillería) felicitó al presidente Abelardo de la Espriella por su histórica victoria electoral en Colombia",,,Ninguna,False
Política,<![CDATA[Elecciones 2026: JEE iniciarán en las próximas horas proclamación de resultados de la segunda vuelta]]>,"La secretaria general del Jurado Nacional de Elecciones (JNE), Yessica Clavijo, informó que los Jurados Electorales Especiales (JEE) iniciarán en las próximas horas la proclamación descentralizada de resultados de la segunda vuelta de las Elecciones Generales 2026.",,,Ninguna,False
Política,<![CDATA[JEE declara inadmisibles las 22 listas de candidatos a alcaldes y regidores al municipio de Lima: ¿Qué ocurrió y qué deben hacer?]]>,Al menos 12 listas de candidatos a alcaldes y regidores de la Municipalidad de Lima fueron declaradas inadmisibles por el Jurado Electoral Especial (JEE) de Lima Centro hasta este lunes 22 de junio.,,,Ninguna,False
Política,<![CDATA[Fuerza Popular califica la actitud de Roberto Sánchez como “antidemocrática” y señala que está en “negación” ]]>,"Minutos después de que concluyera la conferencia donde Roberto Sánchez, postulante a la presidencia de Juntos por el Perú, dijo que había un “fraude en proceso” y que no reconocerá a un gobierno de Fuerza Popular, Keiko Fujimori salió de su casa en San Borja para dirigirse al local de su partido en el mismo distrito, donde a lo largo de este martes sostuvo diversas reuniones.",,,Ninguna,False
Política,<![CDATA[Secretaria general del JNE: “Lo más importante es dar un mensaje a las organizaciones políticas que respeten los principios democráticos”]]>,"La secretaria general del Jurado Nacional de Elecciones (JNE), Yessica Clavijo, afirmó que para el máximo organismo electoral, lo más importante es dar un mensaje a todas las organizaciones políticas de que se deben “respetar los principios democráticos”, luego de la segunda vuelta.",,,Ninguna,False
Política,<![CDATA[El sur del Perú: un sólido bloque regional que vota contra Keiko Fujimori desde hace 15 años]]>,"Keiko Fujimori solo ganó en tres de las 46 provincias que conforman seis regiones del sur. Aun así, los resultados obtenidos por Pedro Castillo son mejores que los de Roberto Sánchez.",,,Ninguna,False
Mundo,<![CDATA[OMS recuerda que las primeras 72 horas tras los terremotos son críticas para salvar vidas]]>,La OMS señaló que las primeras 72 horas son clave para salvar vidas en Venezuela y alertó sobre el impacto de los sismos en su frágil sistema de salud.,,,Ninguna,False
Mundo,<![CDATA[Terremoto en Venezuela: Delcy Rodríguez anuncia la militarización del estado costero La Guaira tras los sismos]]>,Venezuela militariza el estado de La Guaira tras los devastadores terremotos que dejaron cientos de víctimas y graves daños.,,,Ninguna,False
Mundo,<![CDATA[Terremotos en Venezuela EN VIVO: últimas noticias tras sismos que dejan al menos 589 muertos y 2.980 heridos]]>,"Terremoto en Venezuela EN VIVO: reportes, heridos, daños y más noticias del sismo que afectó al país",,,Ninguna,False
Mundo,<![CDATA[El Gobierno español ofrece a Venezuela todos sus recursos para superar la tragedia]]>,El Gobierno de España ofreció ayuda y envió equipos de emergencia a Venezuela tras los sismos que dejaron cientos de muertos y miles de heridos.,,,Ninguna,False
Mundo,<![CDATA[Terremoto en Venezuela: Se elevan a 589 las personas fallecidas y a 2.980 los heridos]]>,Venezuela eleva a 589 los fallecidos y 2.980 los heridos por los terremotos; autoridades reportan 214 réplicas.,,,Ninguna,False
Mundo,<![CDATA[Efemérides del 26 de junio: ¿Qué pasó en el mundo un día como hoy?]]>,"Efemérides | Conoce qué sucedía en el mundo un 26 de junio, un día cargado de nacimientos, muertes y otros momentos históricos que conmocionaron al mundo.",,,Ninguna,False
Mundo,<![CDATA[“Un Estado desmantelado no tiene capacidad de respuesta”: cómo el terremoto pone a prueba al gobierno interino de Venezuela]]>,El desastre expone las limitaciones del Estado venezolano y pone a prueba la gobernabilidad de Delcy Rodríguez.,,,Ninguna,False
Mundo,"<![CDATA[“No te vayas, no me dejes”: la tragedia que vive La Guaira mientras sobrevivientes esperan rescate tras los terremotos en Venezuela]]>","Los gritos de auxilio emergen desde edificios colapsados en La Guaira, el estado más golpeado por los terremotos en Venezuela. Sobrevivientes, familiares y vecinos libran una carrera contrarreloj mientras esperan la llegada de equipos de rescate",,,Ninguna,False
Mundo,<![CDATA[Al menos dos brasileños murieron en los terremotos de Venezuela]]>,"Al menos dos brasileños perdieron la vida en los dos terremotos del miércoles en Venezuela que dejan hasta ahora 235 muertos y 4.300 heridos, informó este jueves el Ministerio de Relaciones Exteriores de Brasil.",,,Ninguna,False
Mundo,"<![CDATA[Terremoto en Venezuela EN VIVO: 235 muertos, 4.300 heridos, edificios derrumbados y escenas de pánico]]>","Terremoto en Venezuela | “Se desprendieron las escaleras, se rajó toda la pared. Cayeron cosas del techo. Fue horrible”, señaló Odalis Escalona, de 54 años y que trabaja en un banco",,,Ninguna,False
Mundo,<![CDATA[¿Cómo Ucrania intenta aislar Crimea de Rusia? La estrategia de Kiev para cambiar el rumbo de la guerra]]>,Ucrania intensifica sus ataques contra Crimea para debilitar la logística de Rusia. Analista consultado por El Comercio explica la estrategia de Kiev y su impacto en la guerra,,,Ninguna,False
Mundo,<![CDATA[La Cruz Roja Internacional inicia el envío de toneladas de ayuda humanitaria a Venezuela]]>,"Al menos 40 toneladas de ayuda humanitaria comenzarán a salir este jueves desde Panamá hacia Venezuela, donde dos potentes terremotos, de magnitudes 7,2 y 7,5, han dejado 235 muertos, 4.300 heridos y devastación en varias zonas del país, informó la Federación Internacional de la Cruz Roja.",,,Ninguna,False
Mundo,"<![CDATA[Venezuela: Rescatados sin sus padres, niños llegan a hospitales en Caracas tras potentes terremotos]]>","Yenderlin Cabarza llegó con fracturas a emergencias desde la zona más golpeada por los devastadores terremotos en Venezuela que dejaron al menos 188 muertos. Su madre no sobrevivió. Tampoco su tío que la protegió con su cuerpo del derrumbe. La adolescente, de 13 años, espera sola por atención médica, como decenas de menores.",,,Ninguna,False
Mundo,<![CDATA[Noboa declara feriado este viernes en Ecuador tras el triunfo de la selección]]>,"Feriado en Ecuador | El presidente de Ecuador, Daniel Noboa, declaró feriado este viernes a propósito de la última victoria de la selección de fútbol en el tercer partido de la fase de grupos del Mundial 2026 frente a Alemania, según anunció en su cuenta de X y constató mediante decreto ejecutivo.",,,Ninguna,False
Mundo,"<![CDATA[Venezuela, la búsqueda contrarreloj de sobrevivientes un día después de los terremotos]]>","Cae la noche y continúan las labores de búsqueda de supervivientes en Venezuela luego de más de 24 horas de los dos fuertes terremotos que sacudieron este miércoles el país petrolero, y que han dejado al menos 235 muertos y 4.300 heridos, así como centenares de estructuras colapsadas.",,,Ninguna,False
Mundo,<![CDATA[Terremoto en Venezuela: ¿qué procesos hay en movimientos de sucesión corta y por qué no es correcto hablar de “sismos dobles”?]]>,"El sismo en territorio venezolano ha dejado decenas de fallecidos y daños tras dos fuertes movimientos separados por un cortísimo espacio de tiempo. Especialistas consultados por El Comercio señalan que los procesos detrás de estos fenómenos son demasiado complejos como para calificarlos de “dobles”, a la vez que indican que no hay regiones particularmente susceptibles a eventos de estas características.",,,Ninguna,False
Mundo,<![CDATA[Dos potentes terremotos sacuden Venezuela en un minuto: hay al menos 235 muertos y más de 4.300 heridos]]>,"Terremotos en Venezuela | El número de fallecidos en Venezuela a causa de los dos terremotos del miércoles se elevó a 235 y el de heridos a 4.300, mientras se calcula cientos de construcciones, como edificios, hospitales y centros comerciales, resultados afectadas, informó este jueves el ministro de Salud, Carlos Alvarado.",,,Ninguna,False
Mundo,"<![CDATA[Más de 100 edificios colapsados en La Guaira, estado con mayor afectación por terremotos en Venezuela]]>","Más de 100 edificios colapsaron en el estado costero La Guaira (norte, cercano a Caracas) debido a los terremotos de este miércoles de magnitud 7,2 y 7,5 en Venezuela, respectivamente, informó el ministro de Interior, Diosdado Cabello.",,,Ninguna,False
Mundo,<![CDATA[Estados Unidos levanta sanciones para permitir transacciones de ayuda a Venezuela por terremotos]]>,"Estados Unidos autorizó este jueves transacciones a Venezuela, prohibidas por las sanciones, siempre y cuando estén relacionadas con las “labores de socorro” por los terremotos del miércoles que han dejado hasta el momento más de 180 muertos.",,,Ninguna,False
Mundo,<![CDATA[España confirma dos muertos y 80 desaparecidos tras los terremotos de Venezuela]]>,"El Ministerio de Asuntos Exteriores de España informó de la muerte de dos españoles en los terremotos de Venezuela, confirmada por familiares, y que en estos momentos hay otros 80 ciudadanos nacionales desaparecidos.",,,Ninguna,False
Mundo,"<![CDATA[Delcy Rodríguez visita La Guaira, epicentro de la devastación de los terremotos en Venezuela]]>","La presidenta encargada de Venezuela, Delcy Rodríguez, visitó este jueves La Guaira, un estado cercano a Caracas y de los más afectados por los terremotos de este miércoles, de magnitud 7,2 y 7,5.",,,Ninguna,False
Mundo,<![CDATA[ONU describe como “aterradora” la devastación causada por los terremotos en Venezuela]]>,"El secretario general adjunto de Asuntos Humanitarios de la ONU, Tom Fletcher, dijo a EFE este jueves que la situación en las zonas afectadas por los terremotos en Venezuela es de una “devastación realmente aterradora”, mientras el organismo coordina el despliegue de al menos 12 equipos internacionales de búsqueda y rescate.",,,Ninguna,False
Mundo,<![CDATA[¿Qué son los tetrápodos instalados en la frontera entre Chile y Perú y por qué preocupa un efecto rebote en Tacna?]]>,"Chile blinda su frontera con tetrápodos de 16 toneladas y zanjas para reforzar el control migratorio y combatir el contrabando, pero analista consultado por El Comercio alerta que la estrategia podría desplazar el problema hacia Tacna en lugar de resolverlo",,,Ninguna,False
Mundo,<![CDATA[Terremotos en Venezuela: La Guaira clama ayuda del Gobierno mientras vecinos buscan sobrevivientes entre los escombros]]>,"Terremotos en Venezuela | En La Guaira, los gritos en búsqueda de familiares no paran. El trabajo a pico y pala y sin maquinaria está a cargo principalmente de los propios ciudadanos afectados. Hay cadáveres en los costados en la calle",,,Ninguna,False
Mundo,"<![CDATA[La Guaira, la zona más devastada por los terremotos en Venezuela, pide auxilio: “Todo se desplomó” ]]>","La Guaira, a 40 minutos de Caracas  y donde se encuentra el aeropuerto internacional de Maiquetía, fue la región más afectada por los terremotos en Venezuela. El gobierno interino la declaró “zona de desastre”",,,Ninguna,False
Mundo,"<![CDATA[La Guaira, la zona cero de los terremotos en Venezuela: destrucción, caos, saqueos y desesperación]]>","Edificios colapsados, familias desesperadas, saqueos y una ayuda que tarda en llegar marcan las horas más dramáticas en La Guaira, el epicentro de la tragedia que sacude a Venezuela",,,Ninguna,False
Mundo,<![CDATA[Videos del momento en el que dos terremotos golpean Venezuela provocando el derrumbe de edificios]]>,Los videos de los dos violentos terremotos que sacudieron Caracas con menos de 40 segundos de diferencia,,,Ninguna,False
Mundo,"<![CDATA[“La Guaira es una verdadera tragedia y se convierte en una zona de desastre”, dice Delcy Rodríguez tras terremotos]]>","“Tenemos reportes de 32 fallecidos sin contar aún con la cifras que pueda arrojar el estado La Guaira, y más de 700 heridos que hemos estado recibiendo en emergencia tanto de hospitales públicos como de centros de salud privados”, declaró Delcy Rodríguez",,,Ninguna,False
Mundo,<![CDATA[El Servicio Geológico de Estados Unidos estima entre 10.000 y 100.000 muertos en Venezuela por los dos terremotos]]>,"El USGS hizo una estimación, basada en modelos automáticos, de entre 10.000 y 100.000 muertos por los dos terremotos que sacudieron Venezuela",,,Ninguna,False
Mundo,"<![CDATA[“Antonio, Antonio, es tu mamá. Aquí estoy”: A gritos, venezolanos buscan a los suyos entre los escombros tras terremotos]]>","En el conjunto residencial Petunia, en el barrio de Los Palos Grandes, una torre residencial de 22 pisos se derrumbó por los dos fuertes terremotos que golpearon a Venezuela",,,Ninguna,False
Mundo,<![CDATA[Caraqueños esperan por buenas noticias de familiares atrapados en edificios tras terremotos en Venezuela]]>,"Familiares observan con detalle el trabajo de los funcionarios del Estado con la esperanza de que puedan hallar a sus parientes con vida, luego de quedar atrapados en edificios colapsados en Caracas tras los dos grandes terremotos de 7,2 y 7,5 ocurridos el miércoles en Venezuela.",,,Ninguna,False
Mundo,"<![CDATA[Los aeropuertos de Venezuela están operativos excepto el de Caracas, según lineas aéreas]]>","Los aeropuertos internacionales de Venezuela, excepto el principal del país, que sirve a Caracas, están operativos tras los terremotos del miércoles, confirmó este jueves a EFE la presidenta de la Asociación de Líneas Aéreas en Venezuela (ALAV), Marisela De Loaiza.",,,Ninguna,False
Mundo,<![CDATA[El Ejército de EE. UU. se despliega con rapidez para asistir a Venezuela tras los terremotos]]>,Las Fuerzas Armadas estadounidenses están “movilizándose rápidamente” para ayudar al Gobierno de Venezuela en los esfuerzos de rescate y recuperación tras los dos terremotos del miércoles,,,Ninguna,False
Mundo,<![CDATA[Se registran saqueos en La Guaira en medio de la emergencia por los terremotos en Venezuela]]>,"Montándose sobre los techos de varios establecimientos desplomados, grupos de personas ingresaron a estos locales para llevarse alimentos, medicinas y hasta electrodomésticos como televisores, lavadoras o aires acondicionados",,,Ninguna,False
Mundo,<![CDATA[El mundo se vuelca con equipos de rescate y ayuda humanitaria tras terremotos en Venezuela]]>,La comunidad internacional comenzó este jueves a movilizar ayuda para Venezuela tras los dos terremotos que dejaron al menos 164 muertos y 971 heridos.,,,Ninguna,False
Mundo,<![CDATA[EE.UU. e Irán chocan por las inspecciones nucleares y ponen en riesgo el acuerdo: ¿quién tiene más mecanismos de presión?]]>,Las versiones contradictorias sobre sí Irán permitirá inspectores de la OIEA en sus sitios de enriquecimiento de uranio muestran la distancia de las posiciones de Teherán y Washington,,,Ninguna,False
Mundo,<![CDATA[Desesperada búsqueda de sobrevivientes en Venezuela por terremotos que dejan 188 muertos ]]>,"En el caos de Catia La Mar, los vecinos escuchaban desde hacía horas a una niña atrapada con vida. “¡Se necesita gente que venga a ayudar, militares, que vengan a ayudar!“, dijo desesperado Dani Rizo, de 48 años. “Si vienen la podemos sacar”. Falleció a los minutos, solo su perro se salvó.",,,Ninguna,False
Mundo,<![CDATA[Unicef expresa solidaridad y pide priorizar a la niñez tras los devastadores terremotos en Venezuela]]>,"El Fondo de las Naciones Unidas para la Infancia (Unicef) emitió un comunicado oficial expresando su solidaridad con los niños, niñas, adolescentes y familias afectados por los terremotos en Venezuela el pasado 24 de junio de magnitud 7,5 y 7,2 que impactaron diversas regiones.",,,Ninguna,False
Mundo,<![CDATA[Abelardo de la Espriella da un mes a los grupos armados de Colombia para someterse a la justicia ]]>,Abelardo de la Esprella insinuó que no llevará a cabo negociaciones de paz con ninguno de los grupos armados ilegales de Colombia,,,Ninguna,False
Mundo,<![CDATA[España confirma 68 nacionales que no han sido localizados tras los terremotos en Venezuela]]>,"José Manuel Albares, ministro de Asuntos Exteriores de España, confirmó que hay 68 españoles que no fueron localizados tras los terremotos que asolaron Venezuela",,,Ninguna,False
Mundo,<![CDATA[Keiko Fujimori expresa solidaridad con Venezuela tras los terremotos del 24 de junio]]>,"Keiko Fujimori, candidata presidencial de Fuerza Popular, expresó su respaldo al pueblo de Venezuela luego de los potentes sismos registrados el pasado 24 de junio, en publicaciones por redes sociales donde envió sus condolencias a los ciudadanos afectados por el desastre natural que ha dejado, según balances oficiales, un saldo de 164 fallecidos y 971 heridos.",,,Ninguna,False
Mundo,<![CDATA[Consejo Nacional Electoral entrega a Abelardo de la Espriella credencial como presidente electo de Colombia ]]>,"Abelardo de la Espriella y su vicepresidente Juan Manuel Restrepo recibieron la credencial en la primera aparición pública de ambos desde el domingo, cuando hablaron ante una multitud en la ciudad caribeña de Barranquilla tras la apretada victoria electoral sobre Iván Cepeda",,,Ninguna,False
Mundo,<![CDATA[Venezolanos en el Perú coordinan ayuda humanitaria en medio de la angustia tras terremotos en su país natal]]>,"La comunidad venezolana que vive en el Perú sufre horas de alta incertidumbre y temor tras los sismos de magnitud 7,2 y 7,5 que sacudieron Venezuela el pasado miércoles 24 de junio. La cifra oficial de fallecidos y heridos ha generado una movilización inmediata entre los migrantes en Lima y otras regiones, quienes buscan desesperadamente información sobre sus seres queridos.",,,Ninguna,False
Mundo,<![CDATA[Terremotos en Venezuela: México envía rescatistas y personal médico tras sismos]]>,"La presidenta de México, Claudia Sheinbaum, anunció este jueves el envío de un equipo de rescatistas y personal de sanidad de la Secretaría de la Defensa Nacional (Defensa) para apoyar a Venezuela tras los dos terremotos.",,,Ninguna,False
Mundo,"<![CDATA[Iberia, Air Europa y Plus Ultra cancelan sus vuelos de hoy entre Madrid y Caracas luego de terremotos]]>","Aerolíneas como Iberia, Air Europa y Plus Ultra cancelaron vuelos Madrid-Caracas por el cierre del aeropuerto de Maiquetía tras el terremoto en Venezuela",,,Ninguna,False
Mundo,<![CDATA[Estados Unidos: Corte Suprema permite a Trump frenar solicitantes de asilo en la frontera con México]]>,El Tribunal Supremo de EE. UU. autorizó a la Administración de Trump rechazar solicitudes de asilo en la frontera con México.,,,Ninguna,False
Mundo,"<![CDATA[Ucrania recibe los primeros 3.200 millones de euros del préstamo europeo, anuncia Von der Leyen]]>",,,,Ninguna,False
Mundo,<![CDATA[Papa León XIV envía una primera ayuda de 100.000 euros a Venezuela tras los terremotos]]>,"El papa León XIV, a través de la Limosnería Apostólica, ha enviado una primera ayuda económica de 100.000 euros a Venezuela para contribuir a paliar los efectos de los devastadores terremotos.",,,Ninguna,False
Mundo,<![CDATA[Caracas amanece entre escombros y temor tras los devastadores terremotos en Venezuela]]>,"Los dos terremotos que sacudieron Venezuela dejaron edificios colapsados en Caracas, calles cubiertas de escombros y una población en alerta ante posibles réplicas mientras continúan las labores de rescate y evaluación de daños",,,Ninguna,False
Mundo,<![CDATA[Colombia activa todas “las capacidades” para apoyar a Venezuela tras los terremotos]]>,El Gobierno colombiano activó todas “las capacidades” para apoyar a Venezuela tras los dos potentes terremotos del miércoles que hasta el momento dejan 164 muertos y 971 heridos,,,Ninguna,False
Mundo,<![CDATA[Estados Unidos despliega equipos de rescate en Venezuela tras los terremotos]]>,Estados Unidos está desplegando equipos de búsqueda y de rescate en Venezuela tras los dos potentes terremotos que azotaron el país el miércoles,,,Ninguna,False
Mundo,<![CDATA[Perú ofrece ayuda humanitaria a Venezuela y monitorea situación de peruanos tras terremotos]]>,"La Cancillería informó que se encuentra monitoreando activamente la situación en Venezuela tras los potentes sismos registrados el pasado 24 de junio que afectaron Caracas. Mediante sus canales oficiales, el Gobierno peruano manifestó su solidaridad con la población venezolana y las familias damnificadas por este desastre natural.",,,Ninguna,False
Mundo,<![CDATA[X (antes Twitter) regresa a Venezuela cómo método para encontrar a víctimas del terremoto]]>,"La red social, prohibida por el gobierno de Nicolás Maduro en 2024, volvió a funcionar desde la madrugada del 25 de junio, horas después de que un movimiento telúrico de 7,2 y una réplica de 7,5 han dejado 164 muertos y cientos de desaparecidos en el país sudamericano",,,Ninguna,False
Mundo,"<![CDATA[¿Quién es Andy Burnham, el laborista que parte como favorito para convertirse en sucesor de Starmer?]]>","El exalcalde de Mánchester es hasta ahora el único en carrera para reemplazar a Keir Starmer, quien esta semana anunció que dimitirá como primer ministro británico",,,Ninguna,False
Mundo,<![CDATA[Terremoto en Venezuela: Delcy Rodríguez anuncia que el aeropuerto de Maiquetía está cerrado por graves daños]]>,"El Aeropuerto Internacional de Maiquetía, que sirve a Caracas, fue cerrado por sufrir graves daños tras los dos terremotos de magnitud 7,5 y 7,2 que sacudieron a Venezuela",,,Ninguna,False
Mundo,<![CDATA[Putin expresa sus condolencias a Delcy Rodríguez tras devastador terremoto en Venezuela]]>,"El presidente ruso, Vladimir Putin, expresó este jueves sus condolencias a la presidenta encargada de Venezuela, Delcy Rodríguez, por las trágicas consecuencias del terremoto en el noroeste del país.",,,Ninguna,False
Mundo,<![CDATA[ONU se moviliza tras terremotos en Venezuela y coordinará equipos de rescate]]>,La Oficina de Coordinación de Asuntos Humanitarios de Naciones Unidas (ONU) anunció que está “completamente movilizada” para apoyar al pueblo de Venezuela tras los terremotos que sacudieron al país el miércoles,,,Ninguna,False
Mundo,<![CDATA[Efemérides del 25 de junio: ¿Qué pasó en el mundo un día como hoy?]]>,"Efemérides | Conoce qué sucedía en el mundo un 25 de junio, un día cargado de nacimientos, muertes y otros momentos históricos que conmocionaron al mundo.",,,Ninguna,False
Mundo,"<![CDATA[Plazas, avenidas y autos se convierten en dormitorios tras terremotos en Venezuela]]>","Los venezolanos duermen la madrugada de este jueves en colchones y colchonetas tendidas sobre el asfalto, en medio del temor por las réplicas de los dos grandes terremotos de 7,2 y 7,5 ocurridos el jueves en el país.",,,Ninguna,False
Mundo,<![CDATA[Trump anuncia ayuda por terremotos en Venezuela y dice que los reportes “no son buenos”]]>,"“Los dos grandes terremotos que acaban de golpear al noble pueblo de Venezuela son de una magnitud enorme y han dejado un número devastador de fallecidos. ¡Estados Unidos está listo, dispuesto y capacitado para ayudar!”, expresó Trump",,,Ninguna,False
Mundo,<![CDATA[Estados Unidos expresa su solidaridad con Venezuela tras los terremotos de este miércoles]]>,"Miembros del Gobierno de Estados Unidos expresaron este miércoles su solidaridad con Venezuela tras los fuertes terremotos de magnitud 7,2 y 7,5 registrados hoy en el centro del país que causaron daños materiales aún sin cuantificar y de los que no se ha reportado por ahora una cifra de heridos o fallecidos.",,,Ninguna,False
Mundo,"<![CDATA[Las calles, el refugio de miles caraqueños tras los terremotos que sacudieron a Venezuela]]>","Miles de personas se aglomeran en la noche de este miércoles en las calles de Caracas luego de los terremotos de magnitud 7,5 y 7,2 ocurridos en Venezuela, que han dejado numerosos edificios derrumbados y fachadas con grietas.",,,Ninguna,False
Mundo,<![CDATA[Edmundo González afirma que Venezuela no tiene la capacidad de respuesta que “merece” tras terremotos]]>,El líder opositor venezolano Edmundo González Urrutia afirmó este miércoles que Venezuela necesitará apoyo internacional para afrontar las consecuencias de los dos terremotos que sacudieron al país y aseguró que el Estado carece de capacidad de respuesta ante la emergencia.,,,Ninguna,False
Mundo,"<![CDATA[Estados Unidos proyecta miles de víctimas potenciales tras el terremoto de magnitud 7,5 en Venezuela]]>","El Servicio Geológico de Estados Unidos (USGS) estimó este miércoles que el terremoto de magnitud 7,5 registrado frente a la costa de Venezuela podría dejar un saldo potencial de entre 10.000 y 100.000 fallecidos, según la evaluación preliminar de su sistema PAGER, que también anticipa importantes pérdidas económicas.",,,Ninguna,False
Mundo,<![CDATA[Delcy Rodríguez declara el estado de emergencia en Venezuela tras dos fuertes terremotos]]>,"La presidenta encargada de Venezuela, Delcy Rodríguez, declaró este miércoles el estado de emergencia luego de los dos terremotos de magnitud 7,5 y 7,2 ocurridos en una zona del centro del país que causaron daños materiales aún sin cuantificar y de los que no se ha reportado por ahora una cifra de heridos o fallecidos.",,,Ninguna,False
Mundo,<![CDATA[Alcalde de municipio caraqueño de Chacao admite fallecidos tras terremotos en Venezuela]]>,"El alcalde del municipio caraqueño de Chacao, Gustavo Duque, informó sobre posibles fallecidos en su jurisdicción después de los dos terremotos de magnitud 7,5 y 7,2 que sacudieron una zona en el centro de Venezuela, que se sintieron en distintas regiones del país y dejaron daños materiales aún no cuantificados.",,,Ninguna,False
Mundo,<![CDATA[El presidente Bukele se solidariza con Venezuela por fuertes sismos y envía oraciones]]>,"El presidente de El Salvador, Nayib Bukele, se solidarizó este miércoles con el pueblo de Venezuela tras dos fuertes terremotos que sacudieron el caribe de ese país con apenas 39 segundos de diferencia.",,,Ninguna,False
Mundo,<![CDATA[Efemérides del 24 de junio: ¿Qué pasó en el mundo un día como hoy?]]>,"Efemérides | Conoce qué sucedía en el mundo un 24 de junio, un día cargado de nacimientos, muertes y otros momentos históricos que conmocionaron al mundo.",,,Ninguna,False
Mundo,"<![CDATA[Alcalde de Bogotá ofrece apoyo a Venezuela tras terremoto de magnitud 7,5]]>","El alcalde de Bogotá, Carlos Fernando Galán, expresó este miércoles su disposición de ayudar a Venezuela luego de los dos fuertes terremotos que sacudieron al Caribe venezolano con apenas 39 segundos de diferencia, el principal de magnitud 7,5 que se sintió en diferentes ciudades de Colombia.",,,Ninguna,False
Mundo,<![CDATA[Gobierno de Puerto Rico pide “tranquilidad” por alerta de tsunami tras sismo en Venezuela]]>,"La gobernadora de Puerto Rico, Jenniffer González, solicitó este miércoles “tranquilidad” y precaución a la población del archipiélago que está bajo alerta de tsunami, debido al terremoto de magnitud 7,1 que sacudió Venezuela.",,,Lenguaje sensacionalista (1 coincidencias),True
Mundo,"<![CDATA[Machado pide unidad y fortaleza tras terremoto de magnitud 7,5 en Venezuela]]>",La líder opositora venezolana y premio Nobel de la Paz María Corina Machado expresó este miércoles su solidaridad con los afectados por el terremoto registrado cerca de las costas de Venezuela y pidió fortaleza y unidad para los ciudadanos en medio de la emergencia.,,,Ninguna,False
Mundo,"<![CDATA[Un terremoto de 6,9 sacude el norte de Japón y se percibe en Tokio]]>","Un terremoto de magnitud 6,9 sacudió este jueves por la mañana el norte de Japón, dejándose notar con intensidad en Tokio, sin que las autoridades niponas hayan emitido alerta de tsunami.",,,Ninguna,False
Mundo,<![CDATA[Terremoto en Venezuela: televisión estatal dice que se desconoce si fuerte sismo causó daños graves]]>,"Venezuela | El Servicio Geológico de Estados Unidos (USGS) informó que el terremoto alcanzó una magnitud de 7,1 y tuvo lugar en el noroeste del municipio de Montalbán, estado Carabobo",,,Ninguna,False
Mundo,<![CDATA[Estados Unidos emite aviso de tsunami para parte del Caribe tras terremoto en Venezuela]]>,Estados Unidos emite aviso de tsunami para parte del Caribe tras terremoto en Venezuela,,,Ninguna,False
Mundo,<![CDATA[Cómo Rodrigo Paz desactivó la protesta en Bolivia sin derramamiento de sangre y dejó solo a Evo Morales]]>,"La estrategia de Rodrigo Paz permitió levantar las protestas en Bolivia sin una escalada de violencia. Para el analista Ricardo Calla Ortega, la crisis dejó en evidencia que Evo Morales ya no tiene capacidad para poner contra las cuerdas al Estado boliviano, e incluso su liderazgo ha comenzado a debilitarse dentro del Chapare",,,Ninguna,False
Mundo,<![CDATA[La derecha se impone en América Latina: ¿giro ideológico o rechazo a los gobiernos de turno?]]>,La llegada de Abelardo de la Espriella a la Presidencia de Colombia profundiza el giro del mapa político de América Latina hacia la derecha. El politólogo Manuel González Vides sostiene que la verdadera tendencia regional es una “ola de antioficialismo” que castiga a los gobiernos en el poder,,,Ninguna,False
Mundo,<![CDATA[El derechista Abelardo de la Espriella es proclamado presidente electo de Colombia]]>,"El abogado Abelardo de la Espriella, del movimiento derechista Defensores de la Patria, fue proclamado este miércoles por el Consejo Nacional Electoral (CNE) como presidente electo de Colombia para el periodo 2026-2030 tras haber ganado la segunda vuelta de las elecciones del domingo pasado al izquierdista Iván Cepeda.",,,Ninguna,False
Mundo,<![CDATA[Brutal ola de calor en Francia ya deja víctimas: qué medidas viene tomando el país para mitigar su impacto]]>,Diversas localidades francesas están superando los 40 grados en estos días y el 90% de la población se encuentra en alarma por las altas temperaturas. Los principales sitios turísticos de París se han visto obligados a reducir sus operaciones y se teme que los próximos días se alcancen mediciones récord de calor,,,Ninguna,False
Mundo,<![CDATA[Jueza prohíbe permanentemente la orden de Trump que exige prueba de ciudadanía para votar]]>,La justicia de EE.UU. bloqueó de forma permanente la orden electoral de Donald Trump que buscaba endurecer los requisitos de registro de votantes.,,,Ninguna,False
Mundo,<![CDATA[Delcy Rodríguez felicita De La Espriella y espera tener una relación bilateral de respeto]]>,Delcy Rodríguez felicitó a Abelardo De La Espriella y expresó su deseo de fortalecer las relaciones entre Venezuela y Colombia.,,,Ninguna,False
Mundo,<![CDATA[El ‘outsider’ De la Espriella y los escenarios que plantea su gobierno: los desafíos por delante y cuánto cambia Colombia con su elección]]>,El candidato de derecha no tradicional se impuso en las elecciones del país sudamericano en una ajustada disputa con el oficialista Iván Cepeda. Analistas colombianos explican cuánto peso tendrán las alianzas que emprenda el mandatario electo y qué le espera a De la Espriella en los primeros compases de su gobierno,,,Ninguna,False
Mundo,<![CDATA[La estrepitosa caída del primer ministro del Reino Unido: el sucesor de Starmer deberá recuperar “el espacio que el Partido Laborista ha perdido”]]>,"El electo parlamentario Andy Burnham es voceado como el sucesor de Keir Starmer, quien acaba de anunciar su dimisión luego de semanas de agonía política. Analistas señalan que “desde el inicio su mandato fue complicado”, en medio de varios escándalos y crisis financiera. Su reemplazante “no significaría un cambio mayúsculo” en política exterior",,,Ninguna,False
Mundo,<![CDATA[Suben a 19 los muertos en ataques israelíes contra el Líbano en las últimas 24 horas]]>,"Al menos 19 muertos en el Líbano tras nuevos ataques de Israel, en medio de esfuerzos de tregua impulsados por Estados Unidos.",,,Ninguna,False
Mundo,<![CDATA[Daniel Noboa defiende su gestión y habla de reelección frente a intentos de revocatoria en Ecuador ]]>,"“Mientras algunos hablan de revocatoria, nosotros hablamos de reelección”, dijo el presidente de Ecuador Daniel Noboa",,,Ninguna,False
Mundo,"<![CDATA[España: Begoña Gómez, la esposa de Pedro Sánchez, entrega su pasaporte por orden judicial]]>","Begoña Gómez entrega su pasaporte tras decisión judicial que abre juicio por corrupción, tráfico de influencias y malversación en Madrid.",,,Ninguna,False
Mundo,<![CDATA[Evo Morales dice que el gobierno de Bolivia está “forzando una guerra civil” ]]>,"En una entrevista en su refugio en la región selvática del Chapare donde permanece fugitivo, Evo Morales dijo que el gobierno de Rodrigo Paz está “forzando una guerra civil” con su “política neoliberal” en Bolivia",,,Ninguna,False
Mundo,"<![CDATA[Venezuela dará a conocer una deuda de 240.000 millones de dólares, según el Financial Times]]>",La deuda de 240.000 millones de dólares de Venezuela es una cifra muy superior a lo estimado anteriormente,,,Ninguna,False
Mundo,"<![CDATA[La transición energética de Iberoamérica requiere más electrificación, energías renovables y redes ]]>",,,,Ninguna,False
Mundo,<![CDATA[Claudia Sheinbaum ve “muy difícil” que la derecha llegue al poder en México]]>,"Claudia Sheinbaum afirmó que es difícil que la derecha llegue al poder en México, pero pidió atención ante el giro conservador que experimentan varios países de América Latina.",,,Ninguna,False
Mundo,"<![CDATA[Francia experimenta este miércoles el día más caluroso jamás registrado en el país: hasta 43,6 grados]]>","Francia vivió el día más caluroso de su historia, con temperaturas extremas, riesgo de incendios y una ola de calor que sigue avanzando por el país.",,,Ninguna,False
Mundo,<![CDATA[Gobierno felicita Abelardo de la Espriella por su histórica victoria en elecciones presidenciales en Colombia]]>,"A través de sus redes sociales, el Gobierno del Perú (Cancillería) felicitó al presidente Abelardo de la Espriella por su histórica victoria electoral en Colombia",,,Ninguna,False
Mundo,"<![CDATA[Netanyahu afirma que, mientras gobierne, Israel seguirá ocupando el sur del Líbano]]>",Netanyahu afirmó que Israel no abandonará la zona ocupada en el sur del Líbano y defendió la presencia militar como una medida de seguridad frente a Hezbolá.,,,Ninguna,False
Mundo,<![CDATA[Flávio Bolsonaro felicita a Keiko Fujimori y celebra el giro a la derecha en el Perú]]>,Flávio Bolsonaro felicitó a Keiko Fujimori por su ventaja en las elecciones de Perú y destacó un supuesto giro conservador en América Latina.,,,Ninguna,False
Mundo,<![CDATA[Iván Cepeda reconoce el triunfo de Abelardo de la Espriella en las elecciones presidenciales en Colombia ]]>,"“Como candidato del (partido) Pacto Histórico y la (coalición) Alianza por la Vida, como lo anuncié oportunamente y en este estadio del escrutinio, he decidido aceptar el resultado que surge de dicho proceso y que señala que Abelardo de la Espriella es el nuevo presidente de la República”, manifestó Iván Cepeda",,,Ninguna,False
Mundo,"<![CDATA[España: Pedro Sánchez niega que conociera la corrupción, pero la derecha lo juzga responsable político]]>","Pedro Sánchez rechazó las acusaciones de corrupción que rodean al PSOE y a su entorno, mientras la oposición le exige convocar elecciones anticipadas en España.",,,Ninguna,False
Mundo,<![CDATA[Trump amenaza con terminar las negociaciones si Irán cobra peajes en el estrecho de Ormuz]]>,Donald Trump amenazó con romper las negociaciones de paz con Irán si impone peajes en el estrecho de Ormuz o bloquea las inspecciones del OIEA a su programa nuclear.,,,Ninguna,False
