Título,Enlace,Votos_Texto,Votos,¿Es_Bulo?
"Incendio en Congosto, comarca del Bierzo, provincia de León. Hay 4 incendios de nivel 1 y otros 6 focos activos solo en esta comarca.",https://www.reddit.com/gallery/1uf7vz6,72,72,False
Un saludo para hermanos,https://www.reddit.com/gallery/1uf8tyc,14,14,False
Cuando te convierten la cala en una discoteca,https://v.redd.it/f8jtve7l009h1,1494,1494,False
Detenido en León tras volcar con su tractor un coche de una empresa de cobro de deudas que le reclamaba dinero,https://v.redd.it/lvbqmxt2929h1,337,337,False
"Una de las cuatro torres de Madrid, la de la empresa Moeve, antigua torre Cepsa, ha sido desalojada esta tarde debido a una explosión en el interior",https://v.redd.it/is4w0rrr029h1,205,205,False
Hoy la DGT ha anunciado cambios en el Reglamento General de Circulación,https://i.redd.it/ghugh6d5w09h1.jpeg,94,94,False
National Geographic: Hallan dos hornos en Cataluña que revelan un importante centro cerámico de la Edad Moderna,https://historia.nationalgeographic.com.es/actualidad/hallan-dos-hornos-cataluna-que-revelan-importante-centro-ceramico-edad-moderna_26347?utm_source=indigitall&utm_medium=push&utm_campaign=trafico,9,9,False
Era una pregunta inocente 😇,https://old.reddit.com/r/Espana/comments/1udig60/era_una_pregunta_inocente/,0,0,False
210626 Porque el numero 4 es más barato que todos los otros números?,https://i.redd.it/wg1zpeqo5m8h1.jpeg,109,109,False
Cultura basada en molestar,https://old.reddit.com/r/Espana/comments/1ubk5f9/cultura_basada_en_molestar/,263,263,False
Comparativa de preus · cistella bàsica de la setmana (spoiler: aquesta setmana el més barat és Esclat),https://old.reddit.com/r/BonProfit/comments/1uclnht/comparativa_de_preus_cistella_bàsica_setmana/,0,0,False
Ermita Virgen del Ara. Fuente del Arco. Extremadura,https://www.reddit.com/gallery/1ubol3o,42,42,False
Estafa DAZN: Cuidado,https://old.reddit.com/r/Espana/comments/1uarl2p/estafa_dazn_cuidado/,122,122,True
Despotricar sobre los bares,https://i.redd.it/j9wqz9904g8h1.jpeg,0,0,False
Broma pesada de Aldi,https://i.redd.it/3ldoi15dyv7h1.jpeg,1351,1351,False
"Un logopeda es asesinado por un padre que sospechó, estaba abusando de su hijo de 2 años.",https://i.redd.it/gpflbioy0n7h1.jpeg,275,275,False
Comida asiática,https://old.reddit.com/r/Espana/comments/1u8bagt/comida_asiática/,0,0,False
Precio del agua corriente de los hogares.,https://old.reddit.com/r/Espana/comments/1u7e5jg/precio_del_agua_corriente_de_los_hogares/,0,0,False
National Geographic - Ni letra oficial ni autor conocido: este el origen del himno de España y su peculiar condición,https://historia.nationalgeographic.com.es/a/por-que-himno-espana-no-tiene-letra_26282?utm_source=indigitall&utm_medium=push&utm_campaign=trafico,4,4,False
"España alcanza por primera vez los 500.000 autónomos extranjeros. Los chinos, rumanos e italianos encabezan el ranking",https://www.pymesyautonomos.com/actualidad/espana-alcanza-primera-vez-500-000-autonomos-extranjeros-chinos-rumanos-e-italianos-encabezan-ranking,129,129,False
Grado superior sanitario,https://old.reddit.com/r/Espana/comments/1u5xegh/grado_superior_sanitario/,8,8,False
"Un asadito en Hospitalet de Llobregat, ciudad con una densidad de población de 23,000 habitantes/km2",https://v.redd.it/ihd2yrzsf37h1,314,314,False
Firma la petición. Ayuda a Valencia a que tenga más áreas verdes y que no las cambien por más calles para coches.,https://c.org/Hd5t9H9T5z,55,55,False
Matrícula curiosa España,https://i.redd.it/molxnacvq17h1.jpeg,37,37,False
National Geographic - La torre de Jesucristo en números: así es la última parte de la Sagrada Familia que bendecirá el Papa León XIV,https://historia.nationalgeographic.com.es/actualidad/torre-jesucristo-numeros-asi-es-ultima-parte-sagrada-familia-que-bendecira-papa-leon-xiv_26259?utm_source=indigitall&utm_medium=push&utm_campaign=trafico,2,2,False
